strain,Pop,fs_pop,level
CB65,H.pylori,hspHeco1,low
T281,H.pylori,hspHeco1,low
CB86,H.pylori,hspHeco1,low
CB84,H.pylori,hspHeco1,low
CB54,H.pylori,hspHeco1,low
CB77,H.pylori,hspHeco1,low
HEL_CA3497AA_AS,H.pylori,hspHeco1,low
HEL_CA3364AA_AS,H.pylori,hspHeco1,low
CB68,H.pylori,hspHeco1,low
CB72,H.pylori,hspHeco1,low
CB25,H.pylori,hspHeco1,low
CB78,H.pylori,hspHeco1,low
HEL_CA3487AA_AS,H.pylori,hspHeco1,low
CB63,H.pylori,hspHeco1,low
HEL_BA4732AA_AS,H.pylori,hspHeco1,low
T138,H.pylori,hspHeco1,low
HEL_CA3501AA_AS,H.pylori,hspHeco1,low
HEL_CA3450AA_AS,H.pylori,hspHeco1,low
HEL_CA3308AA_AS,H.pylori,hspHeco1,low
HEL_CA4083AA_AS,H.pylori,hspHeco1,low
HEL_CA4043AA_AS,H.pylori,hspHeco1,low
HEL_CA4031AA_AS,H.pylori,hspHeco1,low
HEL_CA3475AA_AS,H.pylori,hspHeco1,low
HEL_CA3559AA_AS,H.pylori,hspHeco1,low
HEL_CA3328AA_AS,H.pylori,hspHeco1,low
HEL_CA4088AA_AS,H.pylori,hspHeco1,low
HEL_CA3334AA_AS,H.pylori,hspHeco1,low
HEL_CA4074AA_AS,H.pylori,hspHeco1,low
HEL_CA3545AA_AS,H.pylori,hspHeco1,low
HEL_CA3502AA_AS,H.pylori,hspHeco1,low
HEL_CA3347AA_AS,H.pylori,hspHeco1,low
CB55,H.pylori,hspHeco1,low
CB17,H.pylori,hspHeco1,low
CB12,H.pylori,hspHeco1,low
CB58,H.pylori,hspHeco1,low
CB45,H.pylori,hspHeco1,low
CB83,H.pylori,hspHeco1,low
CB29,H.pylori,hspHeco1,low
CB33,H.pylori,hspHeco1,low
CB2,H.pylori,hspHeco1,low
CB76,H.pylori,hspHeco1,low
CB52,H.pylori,hspHeco1,low
HEL_CA4032AA_AS,H.pylori,hspHeco1,low
T209,H.pylori,hspHeco1,low
CB70,H.pylori,hspHeco1,low
T123,H.pylori,hspHeco1,low
T271,H.pylori,hspHeco1,low
T217,H.pylori,hspHeco1,low
T212,H.pylori,hspHeco1,low
CB23,H.pylori,hspHeco1,low
CB20,H.pylori,hspHeco1,low
HEL_CA3552AA_AS,H.pylori,hspHeco1,low
CB26,H.pylori,hspHeco1,low
CB30,H.pylori,hspHeco1,low
CB35,H.pylori,hspHeco1,low
CB31,H.pylori,hspHeco1,low
HEL_CA3404AA_AS,H.pylori,hspHeco2,high
HEL_CA3384AA_AS,H.pylori,hspHeco2,high
CB50,H.pylori,hspHeco2,high
HEL_CA3398AA_AS,H.pylori,hspHeco2,high
HEL_CA3353AA_AS,H.pylori,hspHeco2,high
HEL_CA3467AA_AS,H.pylori,hspHeco2,high
HEL_CA3464AA_AS,H.pylori,hspHeco2,high
HEL_CA3415AA_AS,H.pylori,hspHeco2,high
HEL_CA4033AA_AS,H.pylori,hspHeco2,high
HEL_CA3357AA_AS,H.pylori,hspHeco2,high
HEL_CA6863AA_AS,H.pylori,hspHeco2,high
HEL_CA3424AA_AS,H.pylori,hspHeco2,high
HEL_CA3296AA_AS,H.pylori,hspHeco2,high
CB39,H.pylori,hspHeco2,high
T257,H.pylori,hspHeco2,high
CB64,H.pylori,hspHeco2,high
CB90,H.pylori,hspHeco2,high
CB66,H.pylori,hspHeco2,high
T159,H.pylori,hspHeco2,high
T158,H.pylori,hspHeco2,high
T088,H.pylori,hspHeco2,high
T085,H.pylori,hspHeco2,high
T156,H.pylori,hspHeco2,high
CB11,H.pylori,hspHeco2,high
T012,H.pylori,hspHeco2,high
T234,H.pylori,hspHeco2,high
T130,H.pylori,hspHeco2,high
T303,H.pylori,hspHeco2,high
T201,H.pylori,hspHeco2,high
HEL_CA3481AA_AS,H.pylori,hspHeco2,high
T210,H.pylori,hspHeco2,high
T026,H.pylori,hspHeco2,high
T228,H.pylori,hspHeco2,high
T239,H.pylori,hspHeco2,high
HEL_CA4444AA_AS,H.pylori,hspHeco2,high
T134,H.pylori,hspHeco2,high
T019,H.pylori,hspHeco2,high
HEL_CA3358AA_AS,H.pylori,hspHeco2,high
HEL_CA4026AA_AS,H.pylori,hspHeco2,high
HEL_CA3436AA_AS,H.pylori,hspHeco2,high
CB21,H.pylori,hspHeco2,high
T299,H.pylori,hspHeco2,high
T254,H.pylori,hspHeco2,high
T246,H.pylori,hspHeco2,high
T290,H.pylori,hspHeco2,high
T302,H.pylori,hspHeco2,high
CB49,H.pylori,hspHeco2,high
T197,H.pylori,hspHeco2,high
T260,H.pylori,hspHeco2,high
T082,H.pylori,hspHeco2,high
T028,H.pylori,hspHeco2,high
CB44,H.pylori,hspHeco2,high
CB34,H.pylori,hspHeco2,high
T258,H.pylori,hspHeco2,high
T237,H.pylori,hspHeco2,high
T155,H.pylori,hspHeco2,high
T164,H.pylori,hspHeco2,high
T153,H.pylori,hspHeco2,high
HEL_CA3493AA_AS,H.pylori,hspHeco2,high
T300,H.pylori,hspHeco2,high
CB7,H.pylori,hspHeco2,high
HEL_AA6046AA_AS,H.pylori,hspHeco2,high
T103,H.pylori,hspHeco2,high
CB51,H.pylori,hspHeco2,high
CB5,H.pylori,hspHeco2,high
HEL_CA4441AA_AS,H.pylori,hspHeco2,high
HEL_CA3368AA_AS,H.pylori,hspHeco2,high
T266,H.pylori,hspHeco2,high
CB48,H.pylori,hspHeco2,high
CB36,H.pylori,hspHeco2,high
T202,H.pylori,hspHeco2,high
CB6,H.pylori,hspHeco2,high
HEL_CA3465AA_AS,H.pylori,hspHeco2,high
T175,H.pylori,hspHeco2,high
T076,H.pylori,hspHeco2,high
CB69,H.pylori,hspHeco2,high
HEL_CA4092AA_AS,H.pylori,hspHeco2,high
HEL_CA4070AA_AS,H.pylori,hspHeco2,high
HEL_CA4042AA_AS,H.pylori,hspHeco2,high
HEL_CA4367AA_AS,H.pylori,hspHeco2,high
HEL_CA4306AA_AS,H.pylori,hspHeco2,high
HEL_CA4214AA_AS,H.pylori,hspHeco2,high
HEL_CA3583AA_AS,H.pylori,hspHeco2,high
HEL_CA3506AA_AS,H.pylori,hspHeco2,high
HEL_CA3494AA_AS,H.pylori,hspHeco2,high
HEL_CA3527AA_AS,H.pylori,hspHeco2,high
HEL_CA4158AA_AS,H.pylori,hspHeco2,high
HEL_CA3483AA_AS,H.pylori,hspHeco2,high
HEL_CA3539AA_AS,H.pylori,hspHeco2,high
HEL_CA3371AA_AS,H.pylori,hspHeco2,high
HEL_CA4011AA_AS,H.pylori,hspHeco2,high
HEL_CA4143AA_AS,H.pylori,hspHeco2,high
HEL_CA3542AA_AS,H.pylori,hspHeco2,high
HEL_CA3533AA_AS,H.pylori,hspHeco2,high
HEL_CA3521AA_AS,H.pylori,hspHeco2,high
HEL_CA3520AA_AS,H.pylori,hspHeco2,high
HEL_CA3564AA_AS,H.pylori,hspHeco2,high
HEL_CA3526AA_AS,H.pylori,hspHeco2,high
