start,end
217,633
635,1105
1115,1945
1932,2597
2719,3402
3403,4233
5241,7145
7603,9243
9268,9624
9911,11590
11587,12639
12728,13555
13702,13983
13983,14246
14248,16611
16932,18272
18380,19345
19342,20559
20569,21141
21152,22717
23324,25459
26078,27358
27557,28834
28907,29434
29411,30067
30071,31852
31961,32374
32405,32680
32680,34905
34895,35248
35251,35544
35544,36548
36556,37611
37627,37719
37738,38475
38475,38744
38710,39453
39446,39817
39880,40581
40651,42063
42105,43250
43243,44175
45041,46039
46042,48315
48291,49283
49335,50033
50030,51097
51094,51324
51272,52300
52459,53718
53715,56186
56224,57714
57741,61298
61619,61828
61943,62032
62637,63143
63145,63999
64016,66457
66454,67023
67039,67299
67310,68800
68770,69189
69191,69544
69537,71963
72021,72818
72818,73417
73446,74192
74233,74745
74747,75334
75527,77236
77240,77956
78302,78775
78769,80106
80196,80465
80589,81647
82058,82315
82326,84113
84359,86140
86656,88677
88833,89222
89219,89644
89957,90145
90152,91504
91558,92931
92952,94967
95191,95886
95897,96826
97256,98089
98083,98916
98936,99376
99373,99840
99939,100469
100542,101486
101643,102356
102461,103921
104125,106152
106152,107258
107471,108232
108215,108994
109025,110719
110928,112673
112828,113295
113333,114475
114500,115417
115531,116019
116362,118224
118254,118823
118823,119653
120037,120675
120696,120992
121002,122888
122948,124492
124658,126868
126861,127787
127931,129118
129383,130768
131053,132249
132346,134784
135142,136980
136977,137588
137569,137763
137857,138207
138407,139267
139617,140042
140453,141313
142227,143594
143594,144835
145016,146365
146444,146578
146813,147271
147281,147916
147909,149354
149383,150150
150342,151991
152048,153703
153727,154596
154714,155361
155367,156164
156334,157800
157813,158511
158522,158740
158742,159602
159630,159836
159833,159940
159937,160521
160534,161124
161157,161969
161966,162829
162928,163971
163983,165263
165256,165531
165549,166145
166150,166638
166660,167616
167613,168731
168882,169802
170704,171426
171427,172398
172470,173234
173231,173752
173778,174455
174691,175164
175143,175406
175453,176721
176724,177485
177560,178651
178712,179887
179897,180664
180658,181386
181865,182764
182781,183704
183726,184289
184798,185820
185824,186465
186462,187694
187970,188671
188681,190186
190186,191436
191447,191989
192011,192814
193210,194442
194451,194738
194799,194900
195057,195590
195596,197104
197126,197863
197856,200000
200010,200777
200992,201696
201706,202533
202543,203553
203618,204775
204842,205255
205281,205637
205653,205799
205877,206890
206915,207910
207932,208207
208376,208486
208866,209249
209265,211646
211850,212176
212273,213379
213393,214448
214472,214591
214781,216097
216201,218066
218266,219018
219098,220249
220259,222124
222220,223878
223891,224691
224692,225798
225849,226991
227007,227558
227704,228165
228339,229502
229524,230504
230651,230872
230997,232343
232524,233546
233929,234762
234973,237048
237312,238469
238708,240159
240354,241085
241193,241990
242006,242653
242677,243849
243849,244379
245098,246165
246258,246629
246629,247549
247560,249293
249297,250646
250646,251569
251579,251974
251967,252299
252272,252706
252912,254057
254054,254371
254368,255396
255585,257063
257084,258172
258179,258718
258801,260351
260361,261377
261719,263182
263314,264609
264709,265944
265941,266369
266362,267021
267021,268067
268080,269342
269378,270532
270525,270923
271081,271683
271795,272553
272626,275196
275253,275972
275982,277118
277103,278332
278393,278635
278645,279958
279998,280651
280614,281627
281617,282150
282147,282686
282703,283101
283138,284430
284418,284975
285032,285286
285296,286750
286747,287769
287766,288752
288852,289967
290024,291460
291465,292496
292487,294058
294055,295311
295298,296950
296953,297471
297484,297957
298024,306705
306753,307970
307975,308265
308278,309150
309151,310830
311023,312042
312145,314631
314873,315187
315202,315468
315585,317234
317245,318249
318249,319106
319118,319981
319978,320784
320804,321886
321928,322917
323161,323715
323725,325017
325023,325286
325302,325706
325790,326668
326681,327562
327608,327976
327976,328941
328947,330092
330588,330872
330853,331245
331854,334091
334388,335143
335204,336829
336832,337071
337143,337763
337756,339273
339415,339957
339965,340702
340832,341545
341563,343116
343113,343655
343588,344526
344523,345305
345554,346546
346571,347377
347374,347607
347619,348419
348416,348820
349106,349294
349236,349652
349779,350084
350068,350634
350665,351042
351030,351296
351602,351988
351988,352410
352364,352774
352764,353099
353231,354001
353995,354891
354891,356441
356450,358066
358326,358994
359038,360741
360759,361790
361783,362553
362556,364406
364403,366211
366226,366984
367133,367885
367903,369438
370160,371194
371188,371916
371917,372933
372965,373594
373604,374629
374950,376077
376074,376682
376775,377272
377322,378002
377989,378165
378258,379634
379640,380110
380240,380806
380965,383067
383091,383771
383772,384203
384259,385263
385340,386005
386015,388825
388835,390112
390125,391471
391537,392367
392364,393587
393770,394294
394337,395089
395292,395519
395532,395768
395753,397612
397646,398377
398432,399073
399297,399797
400052,400549
400546,402957
403014,403949
403953,404711
404713,405381
405404,407254
407264,408838
408854,409402
409431,411101
411222,412046
412036,413325
413341,415635
415635,416621
416702,417016
417035,418357
418383,418973
419077,421467
421633,422121
422132,423658
423649,423756
423743,424492
425510,425857
426032,426838
426924,427292
427687,429558
429561,430730
430899,432851
432852,433859
433863,434648
434665,435093
435098,436267
436282,438129
438242,439168
439284,441143
441185,442438
442479,444212
449068,449181
449162,449707
449707,449805
449881,450123
450127,450813
450804,451694
451737,452165
452159,453328
453399,453974
453982,454323
454330,454758
454828,456111
456080,457180
457297,459330
459333,461756
461749,462015
462016,462291
462315,463838
463954,464139
464158,464937
464982,466127
466124,466510
466757,468175
468172,468306
468417,468701
468777,470333
470340,473405
473398,474066
474044,474244
474313,474624
474573,474830
474833,475063
475056,475508
475826,476089
476101,476337
476337,478913
479043,479531
480062,481159
481319,482782
482775,485942
485990,487885
487910,488677
488687,489034
489003,490490
490502,490990
490975,492711
492809,494059
494379,494939
495165,495905
495927,496601
496598,497395
497510,498901
499019,500122
500131,501768
501734,502582
502628,504427
504443,505078
505111,505371
505374,505886
506088,506231
506346,507134
507136,507888
507905,508150
508122,509066
509352,510938
511010,512407
512806,515679
515693,516580
517000,518136
518285,518473
518573,519409
519513,520595
520597,521865
521862,522122
522112,522513
522742,524070
524081,525409
525424,526491
526549,527673
527686,530007
530053,530217
530306,531046
531033,531182
531323,531787
532039,533202
533202,533840
533881,535209
535211,536590
536612,537376
537802,537918
538237,539682
539820,539924
539973,541949
542013,542462
542466,543008
543008,544339
544336,545244
545241,546233
546322,547152
547328,547675
548134,549579
549616,550098
550217,552463
552472,553464
553469,554068
554206,559989
560004,561572
561625,563232
563237,563995
564381,565037
565073,565915
566035,566124
566126,566704
567142,567447
568723,569853
569868,570788
570870,571583
571580,572725
572736,573848
573864,574292
574347,575153
575155,578100
578115,578738
578740,579087
579231,579458
579921,583481
583610,583876
583883,584437
584583,585350
585388,586704
586968,587171
587196,588059
588072,588755
588768,589733
589730,590551
590624,591061
591530,592468
592491,593729
594037,594273
594504,595247
595289,595501
595602,596852
597025,597270
597293,597940
598047,598868
598984,600030
600177,601049
601079,602179
602181,603671
603719,604297
604312,604851
604909,605241
605293,605748
605769,606467
606476,607348
607348,608220
608300,610336
610342,610896
610903,612021
611997,613016
613020,613994
613978,614859
614856,615227
615309,615959
615962,616192
616194,619127
619171,620034
620219,620560
620560,621687
621689,622510
622510,623070
623230,626172
626246,628042
628139,628303
628313,629785
630199,630837
630840,632819
632820,633941
633964,635265
635337,637106
637057,637158
637282,638814
638935,639588
639585,640202
640271,641290
641299,642732
642773,643447
643460,646546
646543,647112
647257,650973
650987,656818
656878,657378
657395,657634
657634,658335
658630,658962
659069,661039
661117,662058
662093,663826
663843,664418
664443,665048
665045,665695
665747,666268
666410,668659
668659,669021
669021,670370
670363,671490
671610,672689
672692,673897
673909,674241
674290,674967
675124,677169
677214,677798
677958,679112
679122,680858
680871,681545
681542,682078
682080,683618
683739,684017
684146,684598
684774,685691
685734,686414
686477,687685
687699,687926
687928,688581
688746,690065
690062,690355
690364,692046
692043,692864
692876,693283
693286,694554
694612,696018
696075,696653
696662,698092
698132,698755
698770,699273
699570,700652
700825,703485
703487,704548
704593,705852
705852,707276
707276,708520
708530,709546
709533,709964
709973,710695
710692,711789
711827,712342
712342,713715
713712,715013
715089,715346
715321,717144
717122,719860
719857,721206
721328,722140
722299,723471
723553,724833
724805,725491
725498,726586
726648,727154
727158,727925
728118,728987
729049,731415
731587,732093
732133,732453
732667,733968
734056,734373
734363,734803
734843,737146
737394,739322
739466,739966
739963,740277
740559,741734
741745,742443
742440,743063
743083,744447
744572,745345
745457,745570
745801,747942
747954,750251
750268,750768
751100,752113
752106,752492
752512,754995
754995,755468
755465,756610
757282,760107
760272,761093
761272,762198
762219,762563
762809,763711
763982,765964
766154,767374
767374,767748
767739,768077
768089,769333
769336,770058
770071,770472
770469,772205
772274,772906
773177,773443
773436,773597
773625,774083
774452,776341
776481,777527
777602,778933
779008,780924
781184,782101
782071,783057
783151,784161
784203,785270
785279,785584
785676,787397
787387,787743
787692,789257
789377,790696
790698,791159
791168,792277
792424,792900
792978,794021
794021,794746
794733,796214
796224,796709
796774,797730
798959,799543
799717,800178
800330,801313
801264,802523
802534,803715
803712,804383
804370,805176
805169,806371
806464,806823
806840,808864
808936,809316
809303,809542
809596,810267
810269,810415
810419,811297
811424,812737
812800,814053
814054,815442
815545,816147
816317,816874
816883,817764
817773,819059
819070,819378
819389,820213
820477,821442
821530,822135
822128,823204
823277,824014
824033,825355
825362,826453
826470,827678
827702,830029
830016,830240
830282,831004
831112,831795
831926,834484
834565,834831
835102,836391
836407,837852
837859,838350
838878,839432
839580,842177
842167,843399
843679,845178
845257,845403
845540,846835
846877,848937
848962,850482
850488,851012
851017,851604
851625,852980
853092,853928
853957,854739
854858,855334
855343,855873
855886,856323
856324,856545
856621,857199
857288,858127
858216,859250
859421,860275
860357,860977
860994,863357
863551,863910
863917,864468
864477,865079
865058,865384
865516,865644
865837,866847
866980,867597
867598,868365
868381,869154
869157,869930
869927,870373
870442,872103
872107,872757
872931,873392
873393,875177
875188,876453
876454,876798
876887,877207
877212,878147
878363,879184
879390,879638
879963,880643
880765,882210
882220,883581
883640,884230
884232,885020
885112,885990
886067,887443
887585,887869
888477,888830
888773,889081
889137,889718
889715,891478
891500,892483
892480,893757
893757,894494
894519,895178
895171,895980
895977,896753
896843,899443
899734,899835
899837,900733
900835,901125
901118,902770
902875,903558
903788,904729
904726,906327
906525,907502
907648,909231
909241,910335
910338,910916
910909,912294
912291,913283
913292,913813
913803,914543
914534,915205
915210,916841
916843,917499
917496,917933
917923,918417
918458,919540
919540,920001
920005,920358
920417,922573
922781,923515
923867,924196
924251,924466
924551,925426
925571,927088
927411,929786
929787,930260
930391,930564
930515,931123
931603,932025
932818,933369
933395,935239
935332,936792
936793,938190
938415,942287
942347,943114
943114,944094
944087,944935
945075,945599
945691,945963
945977,946264
946345,946608
946592,946969
947580,949706
950740,951852
951858,952091
952091,952819
952928,953053
953064,953363
953461,953817
953783,954661
954679,954900
954846,955217
955261,955530
955554,956225
956485,958068
958119,959024
959021,960838
960890,961495
961488,962627
962631,964658
965177,966724
966791,968335
969238,970782
971028,972716
972716,973465
973725,974156
974161,977418
977517,978209
978353,979351
979432,987021
987073,988182
988242,988448
988604,989185
989182,990327
990314,991246
991247,991789
991805,992716
992713,993516
993597,993953
993953,994171
994173,994775
994778,995533
995544,996029
996532,997665
998323,999051
999197,999544
999607,1000320
1000304,1001074
1001142,1002275
1002282,1003634
1003675,1004907
1004929,1005306
1005802,1006101
1006665,1008155
1008542,1008832
1009199,1010212
1010222,1010674
1010688,1011557
1011638,1012252
1012263,1012919
1012922,1013488
1013553,1014185
1014182,1015036
1015046,1015774
1015786,1016940
1016968,1017732
1017742,1018473
1018460,1019371
1019385,1020323
1020455,1020916
1020909,1022252
1022249,1023244
1023250,1024581
1024578,1026224
1026448,1026735
1027102,1030161
1030161,1031240
1031237,1032478
1032528,1034633
1034745,1035806
1035819,1037294
1037309,1037590
1037710,1039020
1039149,1040612
1040628,1042106
1042237,1043394
1044555,1044854
1044799,1045137
1045596,1046204
1046277,1046495
1046620,1046982
1047054,1047878
1048165,1048380
1048714,1049427
1050812,1051045
1051052,1051480
1051550,1052833
1052927,1053595
1053600,1054286
1054376,1054615
1054815,1055066
1055038,1055841
1056158,1057225
1058373,1060175
1060324,1061607
1061677,1062105
1062185,1062421
1062687,1063343
1063428,1063712
1063756,1064940
1064965,1066077
1066053,1066874
1067156,1067470
1067463,1067561
1068021,1068554
1068602,1069459
1069456,1069929
1070015,1070383
1070508,1071068
1071019,1071303
1072429,1074456
1074493,1075548
1075545,1076879
1076894,1077796
1077793,1078581
1078591,1079199
1079196,1079735
1079950,1081392
1081437,1081586
1081537,1082868
1082890,1084110
1084132,1085028
1085284,1086120
1086215,1087465
1087633,1088499
1088509,1088880
1088877,1090052
1090212,1090664
1090684,1091181
1091178,1091714
1091743,1092606
1092610,1093674
1093667,1094410
1094412,1094726
1094733,1095617
1095614,1096990
1096987,1097475
1097475,1098548
1098562,1099065
1099194,1100480
1100514,1100786
1100927,1103128
1103159,1104202
1104745,1105416
1105773,1106885
1107083,1109071
1109179,1109619
1109612,1109947
1109947,1112781
1112778,1113047
1113019,1113900
1113954,1114427
1114449,1115336
1115333,1115920
1115923,1117245
1117255,1118199
1118208,1119005
1119040,1119762
1119911,1120723
1120723,1121733
1121801,1122283
1122276,1123037
1123038,1124075
1124072,1124608
1124602,1124832
1124835,1125242
1125375,1125977
1126268,1126642
1126655,1127644
1127653,1129551
1129798,1130511
1130508,1132745
1132746,1132946
1133091,1133879
1133935,1135251
1135386,1135901
1135905,1136900
1136958,1137644
1137673,1138785
1138896,1139465
1139469,1140092
1140086,1141741
1141833,1143272
1143527,1144450
1144523,1145032
1145032,1145739
1145705,1146547
1146594,1148519
1148516,1150852
1150849,1153416
1153676,1154956
1155009,1155818
1156417,1156755
1156724,1158007
1158077,1158505
1158603,1158698
1158719,1159591
1159661,1160287
1160306,1162132
1162198,1163475
1163486,1164169
1164156,1165166
1165328,1166374
1166386,1167681
1167935,1169179
1169186,1169848
1170138,1170698
1170714,1171106
1171116,1172339
1172352,1173296
1173406,1174728
1174794,1175627
1175638,1177614
1177684,1178370
1178384,1181257
1181667,1182437
1182706,1184409
1184620,1186440
1186442,1186876
1187005,1187961
1188105,1188308
1188372,1188578
1188610,1189167
1189154,1190149
1190157,1190696
1190763,1192016
1192013,1192594
1192584,1192838
1192857,1193258
1193311,1193880
1193891,1194262
1194273,1195673
1195705,1196610
1196625,1198136
1198157,1198699
1198700,1199215
1199219,1199653
1199764,1200636
1200639,1201433
1201436,1202074
1202071,1202982
1203006,1205279
1205325,1206626
1209831,1210094
1210202,1210711
1211231,1211587
1211609,1212298
1212299,1212853
1212854,1213201
1213218,1213448
1213522,1214868
1214883,1217507
1217638,1218045
1218057,1219118
1219226,1221316
1221339,1225031
1225045,1225818
1225846,1226379
1226470,1226892
1226947,1227441
1227531,1228112
1228239,1228430
1228455,1229429
1229436,1230596
1230660,1232297
1232603,1234018
1234296,1236359
1236572,1237225
1237227,1237898
1237900,1238646
1238695,1239528
1239650,1240201
1240473,1241696
1241825,1243132
1243583,1245508
1245964,1246665
1246662,1247903
1247915,1249171
1249488,1250819
1250838,1251599
1251608,1252759
1252785,1254164
1254325,1255500
1255772,1256380
1256746,1257903
1258250,1259011
1259619,1260659
1260646,1261974
1262036,1263085
1263276,1263557
1263775,1264764
1265308,1267386
1267398,1267865
1267881,1268288
1268377,1277049
1277273,1277650
1277696,1278190
1278299,1279003
1279048,1279473
1279491,1280018
1280048,1280212
1280485,1280643
1280679,1281878
1282579,1284315
1284324,1284992
1285193,1286182
1286191,1286709
1286969,1287484
1288088,1288405
1288538,1290604
1290607,1291317
1291326,1291568
1291604,1293586
1293589,1294068
1294117,1295391
1295704,1296390
1296384,1297088
1297129,1299969
1300041,1300373
1300376,1301056
1301104,1301496
1301547,1302584
1302679,1302969
1303120,1303587
1303589,1304806
1304803,1305345
1305342,1305998
1305995,1307137
1307232,1307693
1308086,1308982
1308986,1310233
1310312,1310863
1310863,1311990
1312156,1313160
1313614,1314186
1314188,1316731
1316851,1317081
1317838,1320039
1320338,1320595
1320618,1321157
1321167,1321595
1321749,1322771
1322761,1324695
1324695,1325486
1325494,1326072
1326081,1327127
1327124,1328908
1328909,1329889
1329960,1330682
1330805,1331404
1331404,1331961
1331965,1332570
1332560,1333024
1333021,1333116
1333094,1333711
1333813,1334214
1334214,1334693
1334693,1335490
1335492,1336721
1336718,1336948
1336945,1337937
1337934,1340468
1340465,1341454
1341465,1342127
1342120,1342668
1342665,1342967
1342970,1344808
1344812,1346350
1346337,1347809
1347829,1350204
1350206,1351585
1351731,1352015
1352363,1353151
1353148,1354329
1354331,1355689
1355682,1356689
1356686,1357270
1357267,1358769
1358992,1360449
1360547,1361587
1361657,1362349
1362519,1363067
1363131,1363784
1364368,1364706
1364730,1365215
1365401,1366063
1366051,1366665
1367372,1367722
1367722,1368756
1368768,1369394
1369404,1369799
1369822,1370184
1370188,1370301
1370380,1370598
1370598,1371359
1371359,1372621
1372664,1373065
1373085,1373528
1373543,1373899
1373913,1374449
1374460,1374855
1375060,1375605
1375618,1375839
1375839,1376207
1376210,1376470
1376483,1376683
1376670,1377095
1377098,1377802
1377806,1378174
1378184,1378465
1378476,1379306
1379323,1379604
1379608,1380255
1380290,1380865
1380902,1381216
1381381,1382514
1382747,1383325
1383299,1383913
1383944,1384195
1384217,1385608
1385783,1386160
1386165,1387403
1387400,1388416
1388417,1391524
1391527,1391874
1391868,1392554
1392565,1393674
1393853,1394947
1395156,1395830
1395894,1396976
1397061,1397822
1397819,1398334
1398327,1398773
1399099,1399536
1399533,1399922
1399888,1400745
1400936,1403011
1403168,1403896
1403903,1404859
1404875,1406083
1406099,1407091
1407180,1407881
1407878,1408600
1408587,1409750
1409757,1411121
1411346,1412218
1412218,1413297
1413719,1414261
1414536,1417043
1417068,1417889
1417889,1418899
1418889,1419692
1419686,1420192
1420205,1420699
1420692,1421576
1421605,1422918
1422915,1424381
1424392,1425792
1425795,1426988
1426963,1427604
1427688,1428959
1428975,1429757
1429744,1430607
1430856,1432280
1432418,1433284
1433295,1436201
1436251,1436997
1437001,1438044
1438087,1439427
1439429,1440241
1440245,1440724
1440896,1441336
1441694,1442356
1442398,1444905
1444914,1445741
1445850,1446026
1446085,1446477
1446953,1447156
1447156,1448028
1448099,1448752
1448730,1449674
1449613,1449762
1450188,1450637
1450780,1450962
1451004,1451504
1451757,1452053
1452072,1453379
1453376,1454950
1454965,1455819
1456007,1456735
1456778,1457644
1457652,1458467
1458582,1459724
1459926,1460894
1461434,1463959
1464048,1464755
1464755,1467736
1467803,1470256
1470848,1470952
1471119,1471967
1471967,1472845
1477930,1479663
1479704,1480888
1481000,1482859
1482975,1483901
1484029,1484475
1484535,1484876
1484947,1485777
1485782,1486885
1486895,1487731
1487713,1488564
1488625,1489404
1489408,1489674
1489685,1490989
1490990,1491904
1491921,1494683
1494708,1494962
1495064,1495684
1495812,1496135
1496096,1496638
1496940,1497161
1497367,1498440
1498437,1499426
1499410,1501479
1501517,1502332
1502586,1502804
1503438,1506116
1506117,1506998
1507001,1507879
1507950,1508198
1508432,1509151
1509160,1510176
1510188,1510433
1513143,1513922
1514046,1514534
1514554,1514784
1514781,1515587
1515584,1516042
1516045,1516497
1516508,1516909
1517075,1517560
1517906,1519549
1519549,1520343
1520336,1521688
1521892,1524132
1524949,1525860
1525870,1526211
1526219,1526746
1526770,1527402
1527772,1528086
1528141,1528914
1528911,1532546
1532694,1533746
1533923,1534510
1534529,1535206
1535209,1536024
1536009,1536794
1536794,1537927
1538062,1538757
1538762,1539784
1539836,1540582
1540697,1543375
1543443,1544654
1544702,1546741
1546772,1547347
1547335,1547910
1547912,1548385
1548385,1548948
1548958,1549614
1549611,1551659
1551656,1554190
1554200,1555447
1555448,1556245
1556249,1556509
1556519,1557259
1557286,1557732
1557743,1558246
1558302,1559432
1559429,1560526
1560538,1561527
1561539,1563071
1563068,1564417
1564521,1566167
1566261,1566530
1566542,1567153
1567157,1568500
1568504,1569454
1569509,1570045
1570055,1570615
1570670,1571737
1571852,1572670
1573068,1574147
1574413,1574850
1574847,1577213
1577239,1577955
1577937,1578971
1578968,1580194
1580280,1581479
1581489,1582865
1582971,1583633
1583630,1583983
1583967,1584293
1584447,1587080
1587307,1588467
1588569,1589756
1590109,1590648
1590649,1594488
1594490,1594777
1594908,1595777
1595770,1597062
1597196,1600099
1600102,1600689
1600686,1602038
1602088,1603959
1604041,1604388
1604392,1605027
1605024,1605776
1605956,1607395
1607624,1608997
1609150,1609692
1609735,1609974
1609975,1611768
1611791,1612417
1613001,1614284
1614354,1614782
1615030,1615716
1615878,1616735
1616732,1617970
1617981,1618484
1618609,1621608
1621612,1621914
1621941,1622879
1622888,1623814
1623814,1624998
1624988,1625500
1625497,1627917
1627927,1628265
1628275,1629246
1629255,1630832
1630829,1631212
1631260,1632576
1632600,1635437
1635686,1636480
1636480,1637547
1637996,1639843
1639999,1640328
1640456,1640941
1640954,1641376
1641584,1642750
1642774,1643781
1643982,1644983
1645224,1645820
1645960,1646775
1647268,1649034
1649015,1649374
1649471,1650097
1650094,1650645
1650645,1651238
1651213,1651707
1651704,1652651
1652651,1653769
1653857,1654621
1654696,1655316
1655317,1655589
1655611,1656594
1656596,1657243
1657275,1658393
1658442,1658870
1658880,1659476
1659473,1660411
1660610,1661398
1661400,1662323
1662388,1663410
1663590,1664378
1664877,1665344
1665805,1665945
1666029,1666790
1667057,1667680
1667681,1667800
